{
  "color_weight": 0.0781889640351401,
  "shape_weight": 0.03022554599202598,
  "pattern_weight": 0.17681005450285053,
  "texture_weight": 0.02094650242605981,
  "size_weight": 0.1257018214692966,
  "yolo_confidence_weight": 0.07258842525088215,
  "color_confidence_weight": 0.16188420273378415,
  "shape_confidence_weight": 0.0054382717697384056,
  "pattern_confidence_weight": 0.019813466798370462,
  "beak_weight": 0.0112804394119281,
  "wing_weight": 0.0011832098802688935,
  "tail_weight": 0.028116197204869808,
  "eye_weight": 0.009617296718453674,
  "background_weight": 0.9915259237694336,
  "lighting_weight": 0.041043930808505526,
  "angle_weight": 0.017259062526889985,
  "learned_pattern_weight": 0.07670392378361646,
  "species_boost_weight": 0.10405923956392518,
  "characteristic_boost_weight": 0.14088519656191326,
  "optimization_score": 0.9018603409324341,
  "timestamp": "2025-09-23T23:18:47.950632"
}